applicant_id,avg_bill_delay_days,on_time_payment_ratio,prev_loans_taken,prev_loans_defaulted,community_endorsements,sim_card_tenure_months,recharge_frequency_per_month,stable_location_ratio,default
1,6.0,,4.0,0.0,4.0,29.0,18.0,0.7057901629987633,0
2,4.0,0.7278702226070789,4.0,0.0,3.0,,14.0,0.8015836219820335,0
3,6.0,0.9007236213385091,2.0,0.0,3.0,50.0,12.0,0.9567497781646628,0
4,7.0,1.0,0.0,0.0,5.0,26.0,20.0,0.8271161072618041,0
5,7.0,0.8751638239112152,0.0,0.0,5.0,49.0,15.0,0.771481249875976,0
6,1.0,0.8722692835717805,0.0,,,56.0,11.0,0.8252230893499857,0
7,4.0,1.0,0.0,0.0,5.0,46.0,8.0,0.8010568896579603,0
8,5.0,0.586350766693138,1.0,0.0,5.0,34.0,13.0,0.847262999289383,0
9,20.0,0.38476046410426407,10.0,5.0,1.0,27.0,9.0,0.6136799313598621,1
10,0.0,0.9147513487098845,1.0,0.0,3.0,19.0,12.0,1.0,0
11,22.0,0.23679306288748214,8.0,3.0,0.0,25.0,4.0,,1
12,3.0,0.915589401342781,,0.0,4.0,35.0,11.0,0.7455172062245343,0
13,0.0,1.0,3.0,0.0,3.0,19.0,15.0,0.7006559945409726,0
14,16.0,0.5500951171591724,6.0,,1.0,0.0,4.0,0.20585281822958074,1
15,,0.4606973655172888,3.0,4.0,0.0,13.0,11.0,0.2705667012112558,1
16,11.0,0.06167454798508484,10.0,,,19.0,11.0,0.21990521130147297,1
17,3.0,0.6628209554372149,3.0,0.0,5.0,12.0,18.0,0.7596290892042087,0
18,18.0,0.5007522884510611,5.0,3.0,2.0,,3.0,0.14189573048061088,1
19,28.0,0.3521532787578238,6.0,5.0,0.0,17.0,0.0,0.598892894492693,1
20,5.0,0.7358126088598438,2.0,0.0,3.0,36.0,12.0,0.8635338243931445,0
21,6.0,0.8437479986450301,4.0,0.0,5.0,25.0,12.0,0.9556623195674017,0
22,7.0,1.0,,0.0,3.0,56.0,14.0,1.0,0
23,7.0,0.7554276538429012,5.0,0.0,4.0,41.0,14.0,0.7458740487004687,0
24,1.0,0.7363529550465904,4.0,0.0,3.0,47.0,12.0,0.8036359194839688,0
25,6.0,0.8979618177847783,4.0,0.0,3.0,38.0,9.0,0.9584057238572864,0
26,3.0,0.8923025769981187,0.0,0.0,2.0,32.0,17.0,0.8289735294547889,0
27,1.0,0.7696100671604861,5.0,0.0,2.0,59.0,19.0,0.9389245078128853,0
28,13.0,0.4034749829564014,10.0,4.0,2.0,15.0,4.0,0.4005741030319311,1
29,10.0,0.5457508296509932,,1.0,2.0,5.0,6.0,0.0,1
30,15.0,0.23110590220661992,7.0,5.0,1.0,4.0,1.0,0.2034753628353812,1
31,2.0,0.6615930899401277,1.0,0.0,4.0,,19.0,0.958613985791089,0
32,0.0,,5.0,0.0,4.0,53.0,8.0,0.7976942465258053,0
33,1.0,0.9570954860372407,1.0,0.0,,30.0,,0.6797302461752743,0
34,,0.7699567040976061,,,2.0,19.0,19.0,0.7268319829823202,0
35,3.0,0.9503520932994537,,0.0,3.0,59.0,8.0,,0
36,4.0,,0.0,0.0,,57.0,12.0,1.0,0
37,4.0,0.9646164500938877,2.0,0.0,4.0,24.0,16.0,0.8777850283456302,0
38,5.0,1.0,3.0,0.0,4.0,32.0,8.0,0.9922745605452388,0
39,21.0,0.06198598801870684,,5.0,0.0,28.0,3.0,0.4093316634334476,1
40,4.0,0.7391207939690368,3.0,0.0,2.0,34.0,9.0,0.8231906879469845,0
41,7.0,0.8250169612029603,4.0,0.0,5.0,,13.0,0.7142048586962366,0
42,1.0,0.933801808855365,5.0,0.0,2.0,59.0,13.0,1.0,0
43,3.0,0.9112694817616235,5.0,0.0,2.0,19.0,10.0,1.0,0
44,20.0,0.0,2.0,4.0,0.0,14.0,10.0,0.6347379841137504,1
45,7.0,0.7823463463700365,,,3.0,24.0,13.0,0.7300606604861294,0
46,5.0,0.8449302456554084,2.0,,2.0,17.0,16.0,0.8345497088641345,0
47,26.0,0.03919908997658071,5.0,3.0,2.0,24.0,7.0,0.052778817924966664,1
48,7.0,0.6813752492110848,3.0,0.0,3.0,52.0,20.0,0.9233129898923749,0
49,2.0,1.0,0.0,0.0,3.0,23.0,15.0,0.9083648838080738,0
50,25.0,,4.0,,1.0,11.0,1.0,0.39181938999909066,1
51,5.0,,4.0,0.0,3.0,54.0,20.0,0.698331292326686,0
52,14.0,0.5796017890291754,5.0,3.0,2.0,16.0,6.0,0.3818882390732884,1
53,5.0,0.7857288021028012,2.0,0.0,2.0,55.0,19.0,0.8283128998757698,0
54,,0.7248881837052082,0.0,0.0,3.0,42.0,13.0,,0
55,7.0,1.0,1.0,0.0,3.0,36.0,18.0,0.7351602534407932,0
56,4.0,0.9400187015315215,5.0,0.0,5.0,54.0,10.0,0.9298900783956425,0
57,7.0,0.6683266915817827,1.0,0.0,2.0,12.0,14.0,,0
58,2.0,0.9986742444195055,5.0,,5.0,53.0,13.0,0.6439268237701157,0
59,2.0,1.0,5.0,0.0,5.0,,19.0,0.8691632814316692,0
60,12.0,0.07038507256298128,6.0,2.0,1.0,5.0,0.0,0.4135056334196082,1
61,,1.0,0.0,0.0,5.0,50.0,9.0,0.7384442533640915,0
62,6.0,0.6363698255813348,1.0,0.0,3.0,48.0,13.0,0.7133782039546241,0
63,,0.8158602155436916,5.0,0.0,2.0,40.0,15.0,1.0,0
64,4.0,0.9814143032273168,0.0,0.0,5.0,,18.0,0.9518072031047147,0
65,6.0,0.9336601718558936,5.0,,2.0,22.0,11.0,0.782932035061129,0
66,4.0,0.6865719504735109,5.0,0.0,4.0,14.0,11.0,0.8615994020933581,0
67,4.0,1.0,2.0,0.0,4.0,53.0,16.0,,0
68,12.0,0.0,5.0,5.0,2.0,19.0,1.0,0.15956573488649783,1
69,1.0,0.8611715656229557,0.0,0.0,3.0,15.0,8.0,1.0,0
70,1.0,0.8747949787726744,5.0,0.0,,52.0,,0.8398376321033478,0
71,3.0,0.8007226186982715,4.0,0.0,,51.0,10.0,0.9799131422065734,0
72,5.0,,1.0,0.0,3.0,12.0,19.0,0.6733245964368599,0
73,0.0,0.811621608720561,2.0,0.0,2.0,20.0,11.0,0.8293956065808042,0
74,5.0,0.7081506522593497,5.0,0.0,4.0,39.0,13.0,0.9795003817557454,0
75,0.0,0.621203735198778,5.0,0.0,3.0,,15.0,0.8742237842247647,0
76,7.0,0.8391980959702742,5.0,0.0,5.0,32.0,20.0,0.8977188087066311,0
77,6.0,0.8397007312137973,0.0,0.0,3.0,15.0,12.0,0.8569322282265109,0
78,2.0,0.7620900345149224,4.0,0.0,4.0,17.0,15.0,0.7125953063915548,0
79,4.0,0.7465823069364926,3.0,0.0,,56.0,10.0,0.9009122066458505,0
80,1.0,0.7675856786825365,,0.0,3.0,45.0,8.0,,0
81,1.0,0.9273659731439705,2.0,0.0,2.0,43.0,9.0,1.0,0
82,3.0,1.0,4.0,0.0,3.0,32.0,10.0,0.7380291713203234,0
83,3.0,0.6977784587281521,3.0,0.0,2.0,58.0,11.0,0.6716843206087668,0
84,0.0,0.9175581326879947,5.0,0.0,5.0,23.0,9.0,0.8796538082189733,0
85,6.0,0.8232339809328314,1.0,0.0,2.0,60.0,,1.0,0
86,,1.0,1.0,0.0,5.0,21.0,16.0,0.9697368509956005,0
87,18.0,0.08651193518829747,,5.0,0.0,28.0,9.0,0.645937300102741,1
88,7.0,0.8538986128555924,5.0,0.0,2.0,47.0,,,0
89,,0.3711712045378714,7.0,3.0,0.0,21.0,6.0,0.593867501594127,1
90,6.0,1.0,5.0,0.0,5.0,59.0,9.0,0.9058841161412796,0
91,3.0,0.9394329809400219,5.0,0.0,,14.0,11.0,0.8489439116085405,0
92,5.0,0.7742730760875163,0.0,0.0,3.0,51.0,16.0,0.9359495284801178,0
93,5.0,0.9429882244930508,4.0,0.0,4.0,29.0,20.0,1.0,0
94,7.0,0.778997877633432,0.0,0.0,5.0,,8.0,0.6909124025089175,0
95,13.0,0.7520574091255119,,1.0,1.0,9.0,1.0,0.17122942546081382,1
96,7.0,1.0,1.0,0.0,5.0,36.0,20.0,1.0,0
97,30.0,0.4554259991060019,,2.0,1.0,0.0,6.0,0.23224197480703934,1
98,3.0,,3.0,,4.0,17.0,11.0,0.6556837570470688,0
99,0.0,1.0,4.0,0.0,5.0,60.0,15.0,0.9600397340108827,0
100,12.0,0.10748999284705404,4.0,2.0,2.0,16.0,4.0,,1
101,2.0,0.9655310644227705,4.0,0.0,2.0,46.0,13.0,0.8856604368656285,0
102,0.0,0.7335572694496967,5.0,0.0,4.0,25.0,14.0,0.6508057126859761,0
103,26.0,0.4781705897662957,3.0,3.0,,3.0,6.0,0.21299981450939828,1
104,6.0,1.0,1.0,0.0,,34.0,17.0,0.8769796507246145,0
105,1.0,0.9441897564763284,1.0,0.0,3.0,16.0,18.0,0.7894821306734481,0
106,7.0,,1.0,0.0,3.0,60.0,20.0,0.944183658794394,0
107,0.0,0.8743503921139516,0.0,0.0,3.0,14.0,19.0,0.7225934769872726,0
108,20.0,0.31072683836878456,,2.0,1.0,18.0,5.0,0.3865803532977603,1
109,6.0,0.7645116280750667,1.0,0.0,5.0,17.0,20.0,0.9551477527503387,0
110,17.0,0.46268554765110026,10.0,2.0,,15.0,1.0,0.417353727841169,1
111,1.0,,5.0,0.0,4.0,29.0,9.0,0.8405116159631181,0
112,25.0,0.6832488135548299,9.0,5.0,0.0,0.0,,0.06738979678359483,1
113,24.0,0.19138157605254658,8.0,1.0,0.0,0.0,9.0,0.444386855006904,1
114,29.0,0.17489293086454175,7.0,4.0,,17.0,7.0,0.2608587723457334,1
115,5.0,1.0,4.0,0.0,5.0,17.0,16.0,0.7977789947743128,0
116,4.0,0.97185682442211,3.0,0.0,4.0,34.0,18.0,,0
117,0.0,,4.0,0.0,5.0,48.0,8.0,,0
118,13.0,0.27969888431264445,2.0,1.0,2.0,26.0,6.0,0.5027752984815211,1
119,2.0,0.7082291591351918,1.0,0.0,4.0,31.0,15.0,,0
120,1.0,0.871985747857881,3.0,0.0,5.0,23.0,14.0,0.7206897938719974,0
121,,0.622122708815724,8.0,3.0,1.0,24.0,0.0,0.0,1
122,4.0,1.0,3.0,0.0,4.0,,19.0,0.9303329608463481,0
123,3.0,1.0,1.0,0.0,4.0,22.0,11.0,0.9859391045990621,0
124,0.0,0.7294427282092134,0.0,0.0,,16.0,14.0,0.8043269642570284,0
125,5.0,0.8555260431143908,1.0,0.0,4.0,45.0,12.0,0.7375972250536514,0
126,5.0,,5.0,0.0,,40.0,17.0,,0
127,1.0,0.764734791289615,,0.0,5.0,39.0,10.0,0.9023310812426123,0
128,2.0,0.9879436602532468,2.0,0.0,2.0,53.0,8.0,0.8938220352983198,0
129,17.0,0.3794944562098224,2.0,4.0,2.0,29.0,,,1
130,17.0,0.21131387332037657,5.0,,1.0,28.0,4.0,,1
131,5.0,0.7290972452876435,2.0,0.0,3.0,55.0,,0.8193020240533331,0
132,15.0,,8.0,4.0,2.0,21.0,8.0,0.006019258073969136,1
133,1.0,0.7287347422026628,5.0,,5.0,38.0,10.0,0.909247022940598,0
134,,0.18616753462864044,6.0,2.0,1.0,14.0,2.0,0.2910014765895008,1
135,1.0,0.8814540515598427,5.0,0.0,5.0,48.0,9.0,0.754736134177584,0
136,,0.7067492840580983,2.0,0.0,5.0,32.0,17.0,1.0,0
137,7.0,0.8283582408554547,,0.0,2.0,26.0,,0.6111357609696421,0
138,4.0,0.7972723705477113,5.0,0.0,5.0,15.0,10.0,1.0,0
139,,0.714932940477711,1.0,0.0,4.0,17.0,19.0,0.8065637103590181,0
140,0.0,0.9936005158007105,1.0,0.0,3.0,18.0,14.0,0.8396008875639969,0
141,3.0,0.9327248520777884,2.0,0.0,5.0,31.0,12.0,0.9984336844894836,0
142,0.0,,4.0,0.0,4.0,37.0,11.0,0.8545192489749507,0
143,2.0,0.4738749828153525,3.0,0.0,3.0,30.0,,0.881832731329594,0
144,3.0,0.6707440432570648,5.0,0.0,2.0,19.0,13.0,0.9574230556997165,0
145,22.0,0.12407871575851954,10.0,3.0,0.0,11.0,8.0,0.8125695183909563,1
146,12.0,0.36017231180068854,2.0,1.0,0.0,21.0,3.0,0.30029757839472415,1
147,23.0,0.36302886786529054,10.0,3.0,2.0,1.0,7.0,0.2213014745878091,1
148,,0.9126363966434846,4.0,0.0,5.0,59.0,19.0,0.740657684928743,0
149,12.0,0.6058755322986472,4.0,5.0,0.0,25.0,1.0,0.06013381795728616,1
150,4.0,,4.0,0.0,5.0,35.0,12.0,0.7253782282000067,0
151,,0.9886358316234445,4.0,0.0,4.0,15.0,10.0,0.8547896791816256,0
152,0.0,0.924027181763956,0.0,,,19.0,11.0,1.0,0
153,12.0,0.362946111936558,5.0,4.0,1.0,22.0,4.0,0.48964173559502394,1
154,3.0,,3.0,0.0,2.0,52.0,17.0,0.9609324847937739,0
155,26.0,0.44862751068928636,2.0,1.0,1.0,18.0,3.0,0.14905092297855882,1
156,5.0,0.9533813107151629,5.0,,3.0,60.0,15.0,0.8152485100078051,0
157,5.0,1.0,5.0,0.0,3.0,49.0,12.0,0.882567704162512,0
158,1.0,0.7344250688947744,0.0,,2.0,60.0,16.0,0.9287427561953558,0
159,2.0,0.8225456813207879,1.0,0.0,5.0,37.0,16.0,0.9854697367860038,0
160,25.0,0.6790014814864308,9.0,2.0,0.0,14.0,3.0,,1
161,3.0,0.7583964965088998,4.0,0.0,5.0,43.0,8.0,0.8061124664565159,0
162,17.0,0.08817471574479863,4.0,,1.0,3.0,9.0,0.07355022649115237,1
163,4.0,1.0,4.0,0.0,5.0,14.0,17.0,0.6844880530856109,0
164,6.0,0.754188245885767,5.0,0.0,3.0,,15.0,0.9500457568591021,0
165,,,7.0,3.0,1.0,,2.0,,1
166,4.0,0.7193968503945044,3.0,0.0,5.0,34.0,11.0,0.9362347740297645,0
167,4.0,0.9535340641221384,2.0,0.0,5.0,46.0,,0.8910238663112291,0
168,1.0,0.9085052941569112,2.0,0.0,4.0,56.0,14.0,0.7325876456954845,0
169,2.0,0.7679147209780476,0.0,0.0,,30.0,16.0,0.7197167772330019,0
170,7.0,0.657071703646148,1.0,0.0,2.0,25.0,19.0,,0
171,0.0,0.6454032201948636,,0.0,4.0,19.0,17.0,,0
172,3.0,0.7855354199170947,1.0,0.0,3.0,28.0,10.0,,0
173,7.0,0.947068203108752,2.0,0.0,3.0,46.0,9.0,0.7405488271313965,0
174,25.0,0.4914326997934023,,4.0,0.0,22.0,8.0,0.4871511089219302,1
175,,0.8291650212512846,1.0,0.0,4.0,,19.0,0.7475274426500575,0
176,1.0,0.8162224093458321,0.0,0.0,4.0,52.0,16.0,0.7233203401726028,0
177,0.0,0.5330993259573328,5.0,0.0,3.0,,,0.9964674861894076,0
178,2.0,0.8143948345791945,3.0,0.0,3.0,28.0,13.0,0.786952340084184,0
179,27.0,0.26296050656098385,9.0,5.0,2.0,16.0,4.0,0.2200318763104979,1
180,7.0,0.9418997171819465,4.0,0.0,3.0,28.0,20.0,0.9573972813642391,0
181,4.0,0.8768567343291748,0.0,0.0,4.0,51.0,,0.7875809029533085,0
182,0.0,0.7307178500596566,0.0,,4.0,15.0,10.0,0.8853954284606551,0
183,0.0,1.0,0.0,0.0,4.0,32.0,18.0,0.9816000718987433,0
184,2.0,0.7875084306576348,1.0,0.0,2.0,44.0,18.0,1.0,0
185,29.0,0.11154341982995052,,3.0,0.0,26.0,7.0,0.0,1
186,0.0,0.9581674831962672,5.0,0.0,2.0,55.0,14.0,0.7859606382705282,0
187,6.0,0.5754874947827183,1.0,0.0,5.0,25.0,19.0,,0
188,6.0,,1.0,0.0,2.0,33.0,12.0,0.6941739912467206,0
189,11.0,0.38744466700379876,8.0,4.0,2.0,,10.0,0.22638814933907758,1
190,1.0,0.9102515141994061,3.0,0.0,3.0,28.0,18.0,0.9509401015391031,0
191,,0.1040863913598882,4.0,3.0,1.0,,3.0,0.5511148008389346,1
192,30.0,0.0,5.0,2.0,1.0,10.0,6.0,,1
193,6.0,,1.0,0.0,5.0,54.0,11.0,0.8703287451985324,0
194,2.0,0.8529387619337979,5.0,0.0,,27.0,19.0,0.8658362700710659,0
195,6.0,0.7930706679735573,1.0,0.0,4.0,14.0,11.0,,0
196,3.0,0.8807921941635322,3.0,,2.0,33.0,17.0,0.8070126024504599,0
197,3.0,0.9763780959437058,,0.0,4.0,30.0,,1.0,0
198,5.0,0.845622837119441,4.0,0.0,2.0,49.0,16.0,0.6320914620582234,0
199,1.0,0.9085325851615617,2.0,0.0,,48.0,17.0,0.9244993791824785,0
200,6.0,0.8926647743451236,5.0,0.0,2.0,39.0,12.0,0.7025818248490827,0
201,3.0,0.8124651393135341,0.0,0.0,5.0,47.0,20.0,0.8114234110457527,0
202,5.0,0.8545779422864587,1.0,0.0,5.0,60.0,11.0,0.8218252447968302,0
203,3.0,0.6049359313545868,0.0,0.0,,43.0,,0.522372156100912,0
204,5.0,1.0,2.0,0.0,3.0,38.0,12.0,0.8520325470679044,0
205,13.0,0.3637357083123014,3.0,3.0,1.0,14.0,4.0,0.3684107711314445,1
206,4.0,1.0,3.0,0.0,5.0,14.0,14.0,0.7978448553304605,0
207,0.0,,0.0,0.0,5.0,29.0,15.0,1.0,0
208,24.0,0.23608067979001346,4.0,2.0,1.0,27.0,,0.6837054948779804,1
209,6.0,0.97485556467205,1.0,0.0,,55.0,13.0,0.7377413075072243,0
210,26.0,0.2702604061201242,5.0,1.0,2.0,3.0,9.0,0.2705560016465075,1
211,1.0,0.8855075649625535,1.0,0.0,2.0,36.0,10.0,,0
212,0.0,0.7734607691438722,,,2.0,17.0,12.0,0.7135950266177113,0
213,25.0,0.480867977938229,10.0,2.0,2.0,26.0,1.0,0.3398314540329771,1
214,21.0,0.22284266201871686,8.0,2.0,1.0,19.0,4.0,0.20481589766283956,1
215,4.0,0.7887000470552639,1.0,0.0,5.0,57.0,17.0,0.9297555257541833,0
216,0.0,0.8481537605455918,3.0,0.0,5.0,53.0,17.0,0.9481442062583115,0
217,0.0,0.6828861451261505,3.0,0.0,4.0,48.0,14.0,0.6296958991626257,0
218,2.0,0.6690627547577888,1.0,0.0,2.0,32.0,16.0,0.9280264614554179,0
219,10.0,0.5611854506590401,6.0,1.0,2.0,26.0,6.0,0.0,1
220,7.0,1.0,2.0,0.0,3.0,35.0,14.0,0.9716737575119672,0
221,4.0,0.8464264701122073,4.0,0.0,2.0,34.0,13.0,0.9239185773112573,0
222,1.0,0.6273859305648603,4.0,0.0,3.0,22.0,18.0,0.8258902437400666,0
223,27.0,0.5998174104277845,5.0,5.0,2.0,,2.0,0.1052146398142003,1
224,5.0,0.9029069978374819,4.0,0.0,3.0,32.0,13.0,0.8067838570989457,0
225,16.0,0.16678568319412576,2.0,4.0,2.0,17.0,,0.6534315166043319,1
226,,0.6190176874484541,2.0,0.0,2.0,31.0,17.0,0.7296707710856729,0
227,0.0,0.7719197991049938,0.0,0.0,2.0,21.0,13.0,1.0,0
228,3.0,1.0,3.0,0.0,2.0,36.0,11.0,0.8438387520017568,0
229,14.0,0.43986185275558265,5.0,2.0,2.0,0.0,10.0,0.2375467421048995,1
230,7.0,0.9829282005960581,4.0,,3.0,44.0,8.0,0.6759544488329495,0
231,2.0,1.0,1.0,0.0,5.0,47.0,11.0,0.8598237021993599,0
232,12.0,0.5294277158160853,7.0,4.0,0.0,2.0,,0.43356504368889925,1
233,,0.5517166031266079,,0.0,3.0,32.0,20.0,0.7970916493100092,0
234,5.0,1.0,4.0,0.0,3.0,48.0,17.0,0.7671241917751458,0
235,1.0,1.0,0.0,0.0,4.0,54.0,11.0,0.807489838822809,0
236,0.0,0.7864852166240722,2.0,0.0,5.0,31.0,16.0,0.9923417533112604,0
237,3.0,0.7969576612829922,5.0,0.0,3.0,58.0,18.0,0.7207958884476053,0
238,26.0,0.0,3.0,5.0,0.0,0.0,6.0,0.5041388885089441,1
239,0.0,0.8833023647180155,5.0,0.0,3.0,57.0,14.0,0.5630937373904588,0
240,2.0,0.6738972433159609,,,4.0,20.0,16.0,0.6626198013749189,0
241,6.0,0.8275886327689961,1.0,0.0,4.0,35.0,19.0,0.8046674663593786,0
242,3.0,0.8585596897657397,4.0,0.0,4.0,24.0,16.0,0.8772097000208681,0
243,1.0,0.8667131416507959,5.0,,2.0,,9.0,0.9125462862913811,0
244,21.0,0.32457283938174397,3.0,3.0,2.0,6.0,8.0,0.5692342052407419,1
245,3.0,0.7024587405173794,2.0,0.0,3.0,38.0,13.0,0.883925761967852,0
246,6.0,0.9900509387913999,3.0,0.0,3.0,21.0,13.0,0.6868819538677892,0
247,0.0,0.8494070187558989,3.0,0.0,2.0,12.0,16.0,0.7830779825612347,0
248,3.0,0.8328077283726696,2.0,0.0,,45.0,,0.6472601161569946,0
249,6.0,0.7285038770431562,5.0,0.0,4.0,,12.0,0.963155643262441,0
250,,0.849263980102702,0.0,0.0,,58.0,20.0,0.9426265621634619,0
251,4.0,0.8598096193061047,3.0,0.0,5.0,33.0,15.0,0.764842734773978,0
252,22.0,,8.0,2.0,0.0,13.0,5.0,0.38255453351852725,1
253,28.0,0.5059979175837892,7.0,4.0,0.0,23.0,1.0,0.6294581919352725,1
254,17.0,0.10961326939064513,8.0,2.0,0.0,1.0,9.0,0.12509456446684433,1
255,7.0,1.0,3.0,0.0,4.0,51.0,20.0,0.687572136344485,0
256,1.0,0.8624766377145836,,0.0,2.0,37.0,20.0,0.8683989771479698,0
257,1.0,0.904306441016674,4.0,0.0,2.0,58.0,10.0,,0
258,25.0,0.1339409351887416,,1.0,1.0,25.0,10.0,0.0725800816945616,1
259,26.0,0.18608215917875937,5.0,5.0,2.0,10.0,11.0,0.1772025225823139,1
260,7.0,0.8217582268870215,5.0,0.0,4.0,47.0,11.0,,0
261,0.0,0.6959723196213529,,0.0,5.0,30.0,18.0,1.0,0
262,6.0,0.7988231592572097,1.0,0.0,2.0,31.0,9.0,0.9753769256044402,0
263,3.0,,,0.0,,13.0,18.0,0.8320134791948073,0
264,3.0,0.958395457252532,0.0,0.0,4.0,46.0,,0.6738714475162093,0
265,7.0,,4.0,0.0,4.0,52.0,19.0,0.8136887606466456,0
266,12.0,0.435814348033095,8.0,4.0,1.0,28.0,9.0,0.5792631626689618,1
267,10.0,0.014528465285316622,2.0,5.0,,10.0,9.0,0.16554155885794156,1
268,7.0,0.9690203032147022,3.0,0.0,5.0,31.0,20.0,0.8425821373125378,0
269,3.0,0.9809697276009257,4.0,0.0,,22.0,16.0,,0
270,5.0,0.8346889081108035,4.0,0.0,4.0,48.0,,0.8366453920224632,0
271,7.0,0.8537105696255493,1.0,0.0,4.0,24.0,20.0,0.7413006773888136,0
272,7.0,0.5510645683552219,5.0,0.0,2.0,57.0,19.0,0.9088966666292029,0
273,29.0,0.7464939823329231,10.0,5.0,2.0,20.0,5.0,0.14724466632006217,1
274,5.0,0.6541764547209219,5.0,,3.0,46.0,12.0,0.9263923330761513,0
275,6.0,0.7413785522725012,0.0,0.0,,13.0,9.0,0.9519245029490037,0
276,1.0,0.9443467964784005,1.0,0.0,3.0,55.0,11.0,0.950231709625913,0
277,1.0,0.9396767006755027,3.0,0.0,4.0,23.0,16.0,0.9938935679890002,0
278,5.0,0.8557895619943399,4.0,0.0,3.0,,20.0,0.7988813119521979,0
279,3.0,0.6022279758579422,1.0,0.0,,50.0,20.0,0.8452475082219388,0
280,,0.4042159921843381,9.0,1.0,1.0,15.0,0.0,0.3142347445727508,1
281,2.0,0.8704997981296133,5.0,0.0,3.0,47.0,14.0,0.9788734552704893,0
282,17.0,0.6896334201275418,2.0,3.0,2.0,4.0,10.0,0.06918890315413777,1
283,7.0,0.9199834933745391,0.0,0.0,5.0,,,,0
284,0.0,0.5898157887076083,2.0,0.0,4.0,46.0,9.0,0.9780672900455056,0
285,6.0,0.6448916133028946,1.0,0.0,,16.0,19.0,1.0,0
286,3.0,1.0,5.0,0.0,4.0,29.0,11.0,0.9420991244827511,0
287,,0.7357346962383281,2.0,,2.0,15.0,13.0,0.9315218260163836,0
288,5.0,0.8514983138553989,2.0,0.0,3.0,60.0,13.0,0.8200381243542058,0
289,5.0,0.8946943814850066,0.0,0.0,2.0,30.0,17.0,0.8592097648019125,0
290,13.0,0.3955573597437064,3.0,1.0,,21.0,1.0,0.6711211120783283,1
291,15.0,0.11920991903714409,9.0,2.0,1.0,16.0,7.0,0.1511522938813813,1
292,25.0,0.15168237634908446,6.0,1.0,1.0,16.0,0.0,0.38466689817245964,1
293,4.0,1.0,3.0,0.0,3.0,23.0,18.0,0.8253430613244459,0
294,3.0,,0.0,0.0,,54.0,8.0,0.9276779808961121,0
295,0.0,1.0,4.0,0.0,5.0,13.0,18.0,,0
296,4.0,0.9601682242544044,2.0,0.0,5.0,50.0,9.0,0.9349719317246534,0
297,22.0,0.3157104684155089,7.0,,0.0,12.0,6.0,0.6994674845817932,1
298,0.0,0.9069701569456124,0.0,0.0,3.0,,16.0,0.9806684491637364,0
299,4.0,0.7729260482571054,4.0,0.0,5.0,41.0,,,0
300,1.0,0.9910714458853114,4.0,0.0,3.0,47.0,11.0,1.0,0
301,1.0,1.0,0.0,0.0,5.0,13.0,11.0,,0
302,0.0,0.9662114986631909,4.0,0.0,,17.0,11.0,0.8280649271286982,0
303,4.0,0.8311301197539875,4.0,0.0,5.0,50.0,15.0,0.7228616157646408,0
304,5.0,0.974760145844206,2.0,0.0,2.0,14.0,8.0,0.7510063452778666,0
305,29.0,0.07004699034488712,10.0,,0.0,22.0,,0.5644776635027359,1
306,27.0,0.2988306383724553,6.0,3.0,2.0,5.0,2.0,0.0,1
307,5.0,,3.0,0.0,3.0,39.0,10.0,1.0,0
308,4.0,0.9082891223488603,4.0,0.0,3.0,32.0,,0.9686987526982216,0
309,,0.45816065113939264,5.0,5.0,1.0,13.0,,0.5910725100732087,1
310,7.0,0.8647783672945161,5.0,0.0,5.0,52.0,12.0,0.8740439745457929,0
311,3.0,0.8283562489611244,2.0,0.0,2.0,45.0,10.0,0.6614569492884882,0
312,,1.0,3.0,0.0,4.0,30.0,14.0,0.6412675053033031,0
313,0.0,0.7263407599513682,1.0,0.0,5.0,35.0,18.0,0.9755906589408796,0
314,7.0,0.6866693786769212,0.0,0.0,3.0,39.0,15.0,0.8599172590095895,0
315,6.0,0.8370215023377396,4.0,0.0,,56.0,,0.9755171036870613,0
316,5.0,1.0,2.0,0.0,3.0,46.0,9.0,0.9907016254230419,0
317,,0.7817700615311682,3.0,0.0,5.0,55.0,20.0,0.9085008969128592,0
318,0.0,,,0.0,2.0,22.0,19.0,0.7357142220345924,0
319,4.0,0.9494648819584108,3.0,0.0,2.0,28.0,,0.9238790843481246,0
320,4.0,0.8062744095026779,5.0,0.0,4.0,36.0,11.0,0.7538307877859676,0
321,3.0,0.8160481666735162,1.0,0.0,2.0,54.0,8.0,1.0,0
322,0.0,0.9269045903222449,4.0,0.0,4.0,22.0,16.0,0.7740195853388461,0
323,2.0,0.7244942286950795,,0.0,2.0,44.0,,,0
324,6.0,0.8254552563875873,2.0,0.0,4.0,58.0,9.0,,0
325,28.0,0.11143507634975792,7.0,1.0,2.0,8.0,2.0,,1
326,7.0,0.7471404909698629,4.0,0.0,4.0,50.0,12.0,0.9798121170367649,0
327,2.0,1.0,0.0,0.0,5.0,25.0,18.0,0.7502813895191904,0
328,5.0,0.8870457156590429,5.0,0.0,3.0,24.0,18.0,0.9097787901791954,0
329,1.0,0.914976609793636,2.0,0.0,3.0,,12.0,0.9222326401528461,0
330,4.0,1.0,4.0,0.0,3.0,13.0,13.0,,0
331,7.0,0.6971075948566107,1.0,0.0,4.0,22.0,13.0,0.907156548432073,0
332,6.0,0.8254940225754455,2.0,0.0,2.0,47.0,18.0,0.7014791068655309,0
333,3.0,0.7691284788378339,2.0,0.0,4.0,48.0,11.0,0.7414356967533535,0
334,,0.8565962624368741,3.0,0.0,5.0,42.0,15.0,0.7483510353278555,0
335,6.0,0.6889285127548709,4.0,,3.0,,,0.5564837281650902,0
336,2.0,0.7298527071169505,2.0,0.0,2.0,25.0,13.0,0.9922386595025938,0
337,,0.847737929302699,0.0,0.0,,12.0,17.0,0.8933859605046037,0
338,3.0,1.0,3.0,0.0,4.0,,19.0,0.9193051701419122,0
339,29.0,0.0815879147593132,8.0,4.0,0.0,1.0,0.0,0.08281917619417993,1
340,,,2.0,0.0,5.0,,20.0,0.8944983586333085,0
341,7.0,0.6891961532453875,1.0,0.0,2.0,60.0,17.0,0.8843206771674801,0
342,7.0,0.6973030696998485,5.0,0.0,3.0,52.0,20.0,0.8648093804602649,0
343,2.0,0.9711528577938752,5.0,,3.0,27.0,9.0,1.0,0
344,7.0,1.0,1.0,0.0,4.0,39.0,9.0,0.864828598521643,0
345,2.0,1.0,4.0,0.0,5.0,19.0,18.0,0.6344126634138341,0
346,1.0,0.772903477539737,3.0,0.0,3.0,23.0,13.0,1.0,0
347,4.0,0.8601347243761847,,0.0,4.0,50.0,12.0,0.8349422964001539,0
348,17.0,0.558910159564572,7.0,5.0,0.0,4.0,8.0,0.34049632409201686,1
349,7.0,0.8502823901215005,3.0,0.0,4.0,12.0,9.0,0.9891110510841885,0
350,15.0,0.2718181686982789,6.0,1.0,0.0,15.0,,0.20916117605614143,1
351,6.0,,2.0,0.0,,39.0,,0.802830306000631,0
352,0.0,0.707524361376446,5.0,,,39.0,20.0,0.8329762353664486,0
353,18.0,0.46494764668269384,7.0,2.0,1.0,2.0,5.0,0.44220889002983144,1
354,5.0,0.805550278249997,0.0,0.0,4.0,44.0,17.0,0.7508547279329418,0
355,2.0,0.8175297670876459,1.0,0.0,2.0,57.0,16.0,0.8539643999557438,0
356,,0.8982234364478479,0.0,0.0,3.0,37.0,14.0,0.8702503564567432,0
357,0.0,0.6805721309429273,2.0,0.0,5.0,26.0,19.0,1.0,0
358,7.0,1.0,4.0,0.0,,55.0,17.0,0.8840723728949655,0
359,2.0,0.7649510629679681,0.0,0.0,3.0,33.0,15.0,0.9535844287306563,0
360,7.0,0.8804192721081283,,0.0,3.0,36.0,10.0,0.817988575223301,0
361,2.0,0.6999833964460771,4.0,0.0,5.0,33.0,18.0,0.882385733583433,0
362,5.0,0.7494866044912109,4.0,0.0,2.0,34.0,14.0,0.7663254775079519,0
363,4.0,0.8971838548369235,3.0,,2.0,14.0,14.0,0.8367708105314342,0
364,5.0,1.0,4.0,0.0,5.0,46.0,,0.9896754654110054,0
365,1.0,0.5924594307715052,2.0,0.0,5.0,51.0,12.0,0.9358019818631302,0
366,7.0,0.9910832356050441,4.0,,2.0,56.0,14.0,0.823478752957878,0
367,15.0,0.25127957466981704,,1.0,2.0,26.0,0.0,0.13249858131423087,1
368,6.0,0.7857397419994505,0.0,0.0,2.0,30.0,15.0,0.7007331969336855,0
369,0.0,0.8481157890666375,2.0,0.0,5.0,46.0,14.0,0.7951308082282762,0
370,29.0,0.609676765762981,,4.0,2.0,23.0,4.0,0.0,1
371,5.0,0.7041086649007386,3.0,0.0,5.0,23.0,18.0,0.9599166416427708,0
372,4.0,0.9996086882855415,4.0,0.0,4.0,15.0,16.0,1.0,0
373,7.0,0.7362478925893519,2.0,0.0,3.0,46.0,16.0,0.7450905027433884,0
374,3.0,0.8307064025566309,0.0,0.0,5.0,14.0,19.0,0.9407282646572002,0
375,4.0,0.7455013986108203,2.0,0.0,3.0,32.0,13.0,1.0,0
376,1.0,0.8111295416172782,2.0,,5.0,52.0,18.0,0.901312996435224,0
377,0.0,0.9295681223189787,3.0,0.0,2.0,52.0,,1.0,0
378,1.0,,3.0,0.0,2.0,33.0,14.0,0.6587987171061144,0
379,30.0,0.3382581210708374,2.0,5.0,0.0,15.0,8.0,0.27561116795137536,1
380,12.0,0.48764942532120387,4.0,4.0,,2.0,1.0,,1
381,2.0,0.6972255878430688,3.0,0.0,3.0,33.0,12.0,0.7970000547367391,0
382,,0.8481947208325241,3.0,0.0,3.0,54.0,12.0,1.0,0
383,17.0,0.0,,4.0,1.0,23.0,6.0,0.33245440899514245,1
384,3.0,1.0,3.0,0.0,,,14.0,0.7786101380940704,0
385,2.0,0.9715254808274287,3.0,0.0,4.0,16.0,15.0,0.6260468006741361,0
386,15.0,0.5332216260850722,3.0,5.0,1.0,16.0,0.0,0.24818962190444405,1
387,6.0,0.7605049309496964,5.0,0.0,3.0,56.0,15.0,0.9380729342950905,0
388,0.0,0.9697174343625469,4.0,0.0,2.0,,,0.7134031368886247,0
389,13.0,0.6829536569465509,4.0,2.0,2.0,15.0,10.0,0.19895963320314922,1
390,11.0,0.23270624490241248,4.0,4.0,0.0,0.0,9.0,0.17067232414005987,1
391,4.0,,,0.0,4.0,43.0,17.0,0.666326327769645,0
392,6.0,0.7460547463107118,4.0,0.0,,29.0,13.0,0.6526694002455324,0
393,6.0,0.6365254233448283,5.0,0.0,5.0,56.0,12.0,0.5995335876017747,0
394,5.0,0.8213614756286473,3.0,0.0,5.0,49.0,18.0,0.8279852074603272,0
395,3.0,0.7605089911373897,1.0,0.0,5.0,,8.0,,0
396,7.0,1.0,4.0,0.0,4.0,29.0,17.0,0.8270328615553297,0
397,3.0,0.9818259077937312,1.0,0.0,,30.0,19.0,,0
398,0.0,0.7559551587292778,1.0,0.0,5.0,38.0,18.0,0.9135915750327861,0
399,,0.5322798470755424,2.0,5.0,2.0,5.0,1.0,0.27092944446027567,1
400,20.0,0.150214624529721,6.0,2.0,1.0,22.0,6.0,0.44300348413446955,1
401,3.0,1.0,2.0,0.0,2.0,24.0,,0.8797958179721128,0
402,0.0,0.7200406655920208,0.0,0.0,3.0,37.0,18.0,1.0,0
403,1.0,0.7117252285477352,4.0,0.0,5.0,52.0,8.0,0.766868092595789,0
404,7.0,0.9265579618714639,5.0,0.0,,58.0,15.0,1.0,0
405,6.0,0.8437537668529964,3.0,,4.0,12.0,17.0,0.8912274724661586,0
406,1.0,0.6518490327013926,4.0,0.0,2.0,45.0,,0.7672233794403605,0
407,23.0,0.6537688240710167,,3.0,1.0,22.0,11.0,0.5906550514810586,1
408,3.0,0.9660241572758853,3.0,0.0,5.0,25.0,13.0,1.0,0
409,5.0,0.7202107180397265,0.0,0.0,5.0,37.0,13.0,0.8462557032685467,0
410,,0.8031842006185266,4.0,0.0,3.0,39.0,16.0,,0
411,7.0,0.8960458576996719,0.0,0.0,4.0,58.0,13.0,0.7939184988375604,0
412,26.0,0.33124255991567964,9.0,3.0,1.0,3.0,11.0,0.0,1
413,20.0,0.5664711034520026,,5.0,0.0,5.0,10.0,0.5167948405564031,1
414,2.0,0.8107141624244943,2.0,0.0,3.0,26.0,9.0,0.8247508581227811,0
415,17.0,0.06153291938621675,10.0,1.0,2.0,9.0,8.0,0.3756398821751326,1
416,6.0,0.7378021893301874,5.0,0.0,2.0,24.0,13.0,0.9684302437406502,0
417,6.0,0.9499092849933954,0.0,0.0,5.0,15.0,15.0,0.9544339976668288,0
418,11.0,,8.0,4.0,0.0,25.0,,0.07034697511082655,1
419,7.0,0.9027133365195091,0.0,,2.0,60.0,19.0,0.6726502580806347,0
420,5.0,0.7220431562148317,4.0,0.0,5.0,40.0,13.0,0.9850627917330937,0
421,7.0,0.8214465021188743,1.0,0.0,2.0,21.0,10.0,0.9518566447743801,0
422,7.0,1.0,1.0,0.0,,28.0,10.0,0.6656944353833956,0
423,5.0,0.753677415392405,5.0,0.0,3.0,52.0,19.0,0.7264173066582776,0
424,6.0,0.9638530652347046,0.0,0.0,3.0,23.0,18.0,,0
425,7.0,0.9371513945900337,2.0,0.0,5.0,49.0,,,0
426,1.0,0.9116026171423894,5.0,0.0,,27.0,14.0,0.61906430621957,0
427,7.0,0.8338986890075144,3.0,0.0,3.0,60.0,15.0,0.9628116223241729,0
428,6.0,0.6946730715298746,,0.0,5.0,48.0,15.0,0.7530862650264267,0
429,1.0,0.5840862435324485,3.0,0.0,4.0,59.0,12.0,0.940637741661371,0
430,7.0,0.9411479498542286,1.0,0.0,3.0,46.0,9.0,0.9980101047216459,0
431,2.0,0.8266586211407991,2.0,0.0,4.0,36.0,11.0,0.8482017129994996,0
432,3.0,1.0,4.0,,2.0,39.0,12.0,0.9472975117058798,0
433,7.0,0.6545858962484092,2.0,0.0,2.0,52.0,15.0,,0
434,,,1.0,0.0,3.0,31.0,9.0,,0
435,0.0,0.8505452802369269,2.0,0.0,2.0,20.0,16.0,0.8117808188968363,0
436,2.0,0.7389834049767372,3.0,0.0,5.0,,8.0,0.6386223518721413,0
437,5.0,0.6903545596533649,4.0,0.0,3.0,12.0,8.0,0.795358365491058,0
438,2.0,0.7635861348216929,1.0,0.0,2.0,,12.0,0.7519673932138915,0
439,15.0,0.4317264497234398,2.0,3.0,0.0,13.0,2.0,0.36774217908041024,1
440,2.0,0.9184103764817474,3.0,0.0,2.0,15.0,11.0,0.7900521913181647,0
441,3.0,0.8922350024309932,2.0,0.0,2.0,40.0,12.0,0.8356994909169733,0
442,0.0,0.9051498802255664,1.0,0.0,3.0,56.0,19.0,0.9991607922724516,0
443,21.0,,8.0,1.0,2.0,11.0,,0.23135393746020508,1
444,4.0,0.8233175426104915,1.0,0.0,,37.0,11.0,1.0,0
445,7.0,1.0,4.0,0.0,,13.0,20.0,,0
446,3.0,0.7256351365948033,4.0,0.0,4.0,49.0,9.0,0.8903419485534744,0
447,0.0,0.6968349626721584,1.0,0.0,5.0,60.0,11.0,0.9473776696794585,0
448,2.0,0.9293023580796489,4.0,0.0,5.0,38.0,9.0,0.8114685073943277,0
449,,0.7231705666288326,1.0,0.0,2.0,53.0,19.0,0.6362737383983899,0
450,5.0,0.9498763005509282,3.0,0.0,4.0,,10.0,0.8867585915392291,0
451,6.0,0.7420488879907209,2.0,0.0,4.0,54.0,16.0,0.9292206274710122,0
452,26.0,0.22121711537316685,3.0,5.0,0.0,0.0,11.0,0.6032518749103282,1
453,7.0,0.9356402471284586,2.0,0.0,4.0,,13.0,0.7135624652620309,0
454,,0.8202498574867373,4.0,0.0,2.0,57.0,11.0,0.8556342266221623,0
455,0.0,0.6559575362730846,,0.0,2.0,,16.0,0.8605582726185784,0
456,1.0,1.0,4.0,0.0,3.0,49.0,12.0,0.8163876171937312,0
457,11.0,0.10931146842046356,10.0,1.0,,,4.0,0.5132425427875492,1
458,,1.0,1.0,0.0,2.0,17.0,17.0,0.9706464878928457,0
459,,0.5846447451080271,5.0,0.0,5.0,57.0,,0.6121796571627716,0
460,5.0,0.8447766423759273,4.0,0.0,3.0,31.0,16.0,0.8068538787833404,0
461,4.0,0.6455956342024639,4.0,0.0,2.0,44.0,,0.8656092516224109,0
462,,0.7028599493985148,4.0,0.0,4.0,18.0,14.0,0.5749106823221779,0
463,3.0,0.7362011140729723,3.0,0.0,5.0,39.0,,0.71197346440927,0
464,21.0,0.1941763670184575,2.0,1.0,0.0,5.0,2.0,0.5806305524285272,1
465,2.0,0.8490783130957782,0.0,0.0,5.0,45.0,15.0,0.6486404071925223,0
466,1.0,0.8812406880794162,1.0,0.0,3.0,23.0,9.0,0.9744163894513806,0
467,6.0,0.9401283264946899,3.0,0.0,5.0,32.0,9.0,0.9562741867531668,0
468,1.0,0.8586815852789944,0.0,0.0,4.0,39.0,9.0,0.9329361134509722,0
469,,0.7793770767092378,3.0,0.0,4.0,41.0,18.0,0.9463666914642336,0
470,7.0,0.7387392972368965,3.0,0.0,5.0,60.0,12.0,0.9734559087670991,0
471,5.0,0.7374017318202198,5.0,0.0,5.0,51.0,11.0,0.7859281885254715,0
472,1.0,0.8712143874272773,3.0,0.0,4.0,32.0,14.0,1.0,0
473,23.0,0.21126036495256337,,3.0,1.0,6.0,3.0,0.24906244516850132,1
474,1.0,0.9603520298123766,3.0,0.0,3.0,45.0,10.0,0.7403673199590397,0
475,4.0,0.8423090496275634,,0.0,4.0,56.0,8.0,0.8486329022241111,0
476,25.0,0.36651161546396177,8.0,5.0,0.0,5.0,4.0,0.09808251216045108,1
477,22.0,0.4889058235545944,4.0,1.0,2.0,9.0,9.0,,1
478,17.0,0.005751085705457029,10.0,,0.0,1.0,,0.4403773004594691,1
479,2.0,0.9253390315389154,2.0,0.0,,59.0,12.0,0.7305133245701881,0
480,3.0,0.7509989935978312,,0.0,4.0,55.0,10.0,0.7115390008610202,0
481,1.0,0.8033732645372464,3.0,0.0,3.0,45.0,8.0,0.7454034810465812,0
482,5.0,1.0,0.0,0.0,3.0,13.0,9.0,0.6898349316539706,0
483,6.0,0.9597239315128363,4.0,0.0,3.0,41.0,18.0,0.87221735105613,0
484,7.0,0.8961954682974117,0.0,0.0,5.0,34.0,,0.9232712008522495,0
485,0.0,0.8191091673027022,5.0,0.0,2.0,51.0,17.0,0.9552710721567722,0
486,7.0,0.7825191809962759,,0.0,5.0,22.0,18.0,0.9231288150737288,0
487,1.0,0.7057008320020441,1.0,0.0,2.0,43.0,10.0,0.8503150341123151,0
488,,0.8322323103138984,,0.0,5.0,57.0,8.0,0.9127236679929651,0
489,6.0,0.8051691447267524,3.0,0.0,5.0,31.0,11.0,0.8189007393882883,0
490,3.0,1.0,3.0,0.0,5.0,23.0,11.0,1.0,0
491,14.0,0.14263913474313644,7.0,1.0,1.0,17.0,2.0,0.7290255653148762,1
492,6.0,0.7108166598513377,0.0,0.0,3.0,14.0,18.0,0.9487201818027964,0
493,28.0,0.12233094590473483,8.0,4.0,2.0,28.0,9.0,0.7832106750750666,1
494,6.0,1.0,0.0,0.0,4.0,27.0,10.0,1.0,0
495,0.0,,4.0,0.0,5.0,35.0,14.0,0.8476052191059452,0
496,0.0,0.762850887200208,5.0,0.0,3.0,51.0,9.0,0.9334501944111074,0
497,3.0,0.9432559129348113,0.0,0.0,4.0,30.0,8.0,1.0,0
498,4.0,0.8217123619439506,,0.0,3.0,,11.0,0.8725602744462309,0
499,27.0,0.16336980067836768,10.0,4.0,2.0,8.0,,0.0,1
500,14.0,0.15308005574894581,4.0,5.0,2.0,,7.0,0.14900821851816864,1
501,,0.7372199192060513,3.0,0.0,2.0,59.0,20.0,0.7425591243475956,0
502,2.0,0.6991511243622923,2.0,0.0,4.0,54.0,15.0,0.5352172629757259,0
503,3.0,0.7565197317429998,,0.0,5.0,56.0,11.0,0.7896774257339442,0
504,24.0,0.392174839428581,5.0,4.0,0.0,11.0,3.0,0.3105398454682599,1
505,,0.29696453592409705,5.0,2.0,2.0,17.0,11.0,,1
506,24.0,0.5641755653302254,8.0,2.0,0.0,17.0,4.0,0.18728602932758912,1
507,0.0,0.7362727586303118,0.0,0.0,5.0,,11.0,1.0,0
508,4.0,0.9009502557902825,0.0,0.0,3.0,55.0,10.0,0.7078489550118081,0
509,21.0,0.06108625868741069,8.0,1.0,1.0,20.0,11.0,0.5847747104166199,1
510,15.0,0.6060806453175883,4.0,5.0,2.0,21.0,8.0,0.0,1
511,5.0,0.9090981076305186,1.0,0.0,2.0,59.0,8.0,0.9327937660869169,0
512,4.0,0.6196683645826484,2.0,0.0,5.0,26.0,14.0,0.8694935942940268,0
513,7.0,0.8823748740534317,3.0,0.0,5.0,31.0,,0.826943088384108,0
514,4.0,0.9004234315707397,4.0,0.0,,46.0,18.0,0.6543083051583828,0
515,5.0,0.8134392029747408,0.0,0.0,3.0,49.0,12.0,0.9525861809070392,0
516,18.0,0.3076572674618246,10.0,3.0,0.0,26.0,10.0,0.0,1
517,5.0,0.8583311504800126,0.0,0.0,2.0,39.0,10.0,0.815562706349094,0
518,2.0,0.9925197844668562,1.0,0.0,5.0,49.0,18.0,0.9995886218402991,0
519,25.0,,7.0,1.0,,22.0,5.0,0.2249783337451592,1
520,1.0,0.7587471767697875,2.0,0.0,3.0,53.0,12.0,0.7812027052264285,0
521,,0.8026647602772324,5.0,0.0,2.0,41.0,17.0,1.0,0
522,5.0,,2.0,0.0,3.0,48.0,16.0,0.7605336688983999,0
523,21.0,0.33886675221863666,7.0,5.0,1.0,29.0,11.0,0.6173037611204181,1
524,2.0,0.9045315665384581,0.0,0.0,4.0,30.0,,0.9288422839375847,0
525,5.0,1.0,5.0,0.0,5.0,19.0,17.0,0.8053714273226908,0
526,3.0,0.8641291645354269,3.0,0.0,3.0,20.0,11.0,0.944031591726599,0
527,27.0,0.19577877492278214,4.0,5.0,0.0,13.0,1.0,0.2615070829364054,1
528,0.0,0.7747312451212076,5.0,0.0,4.0,41.0,18.0,,0
529,0.0,0.8535087295276477,1.0,0.0,5.0,38.0,20.0,0.6452817857247601,0
530,5.0,0.7961409013408158,,0.0,4.0,16.0,16.0,0.9922487197832756,0
531,,0.8775958502263744,3.0,0.0,4.0,13.0,15.0,0.7434811406519957,0
532,3.0,0.9324186498986086,2.0,0.0,2.0,52.0,15.0,1.0,0
533,6.0,0.7134545680354853,0.0,0.0,3.0,40.0,16.0,0.9750990363276659,0
534,1.0,0.7748574315631218,1.0,0.0,5.0,15.0,8.0,0.9198012050759773,0
535,26.0,0.5876265706227264,9.0,1.0,,23.0,3.0,0.1774985585779531,1
536,3.0,0.7514202337010001,,0.0,,17.0,10.0,,0
537,2.0,0.8003389247842317,2.0,0.0,2.0,39.0,17.0,0.8631315444633216,0
538,,0.9853289119808191,2.0,0.0,3.0,28.0,8.0,0.7101678069039489,0
539,2.0,0.7708260186219351,0.0,0.0,3.0,47.0,16.0,0.8645647722827656,0
540,,0.6786152338270641,5.0,,2.0,12.0,11.0,0.78153374353619,0
541,6.0,0.4239818293645725,3.0,0.0,4.0,48.0,9.0,0.8920791377473509,0
542,7.0,0.7717556119864326,3.0,0.0,3.0,13.0,20.0,0.8551476306637645,0
543,5.0,0.9727350410144423,1.0,0.0,5.0,35.0,14.0,1.0,0
544,3.0,0.5854197569975844,0.0,0.0,4.0,57.0,8.0,,0
545,5.0,,0.0,0.0,3.0,15.0,13.0,0.8829921359155777,0
546,24.0,0.3235604726680319,7.0,3.0,1.0,9.0,2.0,0.1803878341926206,1
547,6.0,0.8547826960243612,1.0,0.0,5.0,57.0,13.0,0.9516355988772477,0
548,24.0,0.09018900810791508,9.0,4.0,,13.0,10.0,0.35163477890755435,1
549,7.0,1.0,2.0,0.0,,49.0,11.0,0.9524088947436913,0
550,1.0,1.0,4.0,0.0,3.0,25.0,14.0,0.7974687837959833,0
551,0.0,0.9956515728813794,2.0,0.0,5.0,37.0,19.0,0.7526329444459808,0
552,3.0,0.8703416429895657,5.0,,5.0,52.0,13.0,0.8012770235326323,0
553,3.0,0.7929246618149577,4.0,0.0,4.0,53.0,14.0,0.7786503037520293,0
554,0.0,0.8969292064501474,5.0,,5.0,16.0,12.0,1.0,0
555,13.0,0.17309089222577728,10.0,3.0,1.0,,1.0,0.0,1
556,26.0,0.36824994567872327,7.0,,2.0,26.0,2.0,0.5285428227118454,1
557,6.0,0.8268738293741439,3.0,0.0,5.0,60.0,16.0,0.7902474877763525,0
558,6.0,0.7601415602087016,0.0,0.0,2.0,31.0,19.0,0.8934965531158371,0
559,7.0,1.0,3.0,0.0,5.0,26.0,20.0,0.7259175709170416,0
560,6.0,0.8431540485505125,1.0,,5.0,44.0,8.0,0.929773159619253,0
561,1.0,0.7596196821406155,3.0,0.0,3.0,,15.0,0.7982893888273653,0
562,16.0,0.3960264964033194,8.0,1.0,2.0,1.0,11.0,0.5649247281214425,1
563,29.0,0.0,8.0,,2.0,8.0,9.0,0.7124119900828418,1
564,3.0,0.8609527453047235,2.0,0.0,5.0,58.0,11.0,0.8311444292974103,0
565,0.0,0.6962297509043167,2.0,0.0,4.0,41.0,10.0,0.8169197225383223,0
566,7.0,,4.0,0.0,3.0,19.0,18.0,0.9414356555490162,0
567,4.0,1.0,0.0,0.0,2.0,24.0,18.0,0.9097244059454241,0
568,1.0,0.8884319419096598,4.0,0.0,5.0,38.0,15.0,0.8011297273412168,0
569,3.0,0.9903001756682831,2.0,0.0,2.0,58.0,20.0,0.5550110878191574,0
570,29.0,0.0,6.0,1.0,0.0,25.0,3.0,0.2516928908769436,1
571,7.0,0.9759369241330594,4.0,0.0,4.0,23.0,13.0,0.8723564448391199,0
572,,,5.0,0.0,3.0,33.0,19.0,0.6618590237708901,0
573,18.0,0.4790429726594406,5.0,1.0,0.0,17.0,9.0,,1
574,6.0,0.8682112934449525,1.0,0.0,2.0,53.0,20.0,1.0,0
575,7.0,,2.0,0.0,5.0,46.0,8.0,0.7184431596716628,0
576,22.0,0.14838961884361973,4.0,5.0,2.0,6.0,9.0,0.5307770253059374,1
577,3.0,1.0,,0.0,3.0,50.0,20.0,0.837236831905885,0
578,4.0,0.9615013418523162,3.0,0.0,4.0,60.0,17.0,0.9597618851789896,0
579,0.0,0.846610143807504,4.0,,5.0,23.0,16.0,0.8704699185699227,0
580,1.0,0.932245836097356,1.0,0.0,2.0,39.0,8.0,0.5719056136415682,0
581,7.0,0.8528372367826462,,0.0,5.0,51.0,19.0,0.9280575204922143,0
582,2.0,1.0,4.0,0.0,4.0,27.0,9.0,0.8518979528094286,0
583,21.0,0.02148488876924343,5.0,4.0,0.0,25.0,,0.11263494354814767,1
584,12.0,0.2302949278934683,9.0,1.0,1.0,16.0,6.0,0.46191177645525705,1
585,25.0,0.6089798492616139,5.0,1.0,1.0,29.0,0.0,,1
586,7.0,0.7368085638497505,1.0,0.0,4.0,40.0,19.0,1.0,0
587,6.0,,0.0,0.0,3.0,23.0,18.0,0.7217700922108756,0
588,3.0,0.8714646776336713,1.0,0.0,5.0,31.0,18.0,0.7888889904955503,0
589,0.0,0.8398131214607852,2.0,0.0,5.0,18.0,8.0,1.0,0
590,5.0,0.8142944437081392,4.0,,2.0,14.0,9.0,0.795764638090156,0
591,5.0,0.6400095856883017,5.0,0.0,3.0,32.0,18.0,0.9972979780056428,0
592,18.0,0.3924922873464005,10.0,2.0,2.0,17.0,1.0,0.6562452033959238,1
593,3.0,0.7475480947291606,3.0,0.0,4.0,46.0,18.0,0.8148936411709413,0
594,14.0,0.5012466359119403,2.0,3.0,1.0,1.0,6.0,0.0,1
595,26.0,0.06654008382772489,9.0,4.0,0.0,22.0,8.0,0.6582547876487358,1
596,4.0,1.0,0.0,,2.0,52.0,17.0,0.999585348462166,0
597,4.0,0.9623967574793411,3.0,0.0,2.0,49.0,14.0,0.7019923394085756,0
598,3.0,0.6925845519386392,4.0,0.0,2.0,34.0,11.0,0.8030993352451669,0
599,6.0,0.688498784399239,2.0,0.0,3.0,46.0,16.0,0.8830152606377889,0
600,4.0,0.7143769552308064,,0.0,5.0,28.0,15.0,0.6968112177091689,0
601,7.0,0.7450254387276578,0.0,0.0,4.0,25.0,16.0,0.7536259845043637,0
602,0.0,0.8993766028982623,3.0,0.0,3.0,38.0,10.0,0.8273349380948798,0
603,3.0,0.8903945028881243,4.0,0.0,2.0,25.0,17.0,0.7986207489563689,0
604,2.0,0.8024926325144953,1.0,,3.0,22.0,12.0,0.8789149842990731,0
605,2.0,0.7437893100862029,0.0,0.0,4.0,38.0,9.0,0.7935889009947553,0
606,12.0,0.03585722180887472,5.0,5.0,1.0,22.0,2.0,0.3623171907325347,1
607,6.0,0.663076416695016,0.0,0.0,4.0,41.0,13.0,0.8738161171805702,0
608,3.0,,4.0,0.0,4.0,31.0,17.0,0.8753784490774057,0
609,0.0,0.9807282388592014,2.0,0.0,5.0,,11.0,0.842001750400084,0
610,6.0,0.9175108728980025,1.0,0.0,,43.0,18.0,0.8714051279629671,0
611,4.0,0.8464855477383844,3.0,0.0,2.0,44.0,16.0,0.8604805265833925,0
612,0.0,0.7820629837276929,5.0,0.0,4.0,29.0,19.0,1.0,0
613,26.0,0.3722026186598694,7.0,4.0,0.0,,6.0,0.17690186621819892,1
614,0.0,0.8231856499436617,3.0,,2.0,45.0,20.0,0.9136868274085452,0
615,0.0,1.0,0.0,0.0,2.0,50.0,,0.9141146777383874,0
616,5.0,0.8097172705111612,5.0,0.0,4.0,52.0,10.0,0.8044915259323795,0
617,22.0,0.0071514763018559885,3.0,5.0,1.0,,4.0,0.3602342061689361,1
618,5.0,1.0,0.0,0.0,2.0,34.0,11.0,0.9587061985097987,0
619,24.0,0.2610108607364833,10.0,3.0,1.0,25.0,0.0,0.45155113402828895,1
620,3.0,0.933988518068654,,0.0,5.0,35.0,20.0,0.7438361074943981,0
621,,0.2548044844687197,5.0,5.0,2.0,20.0,9.0,0.24011475712632366,1
622,1.0,1.0,2.0,0.0,2.0,32.0,13.0,,0
623,23.0,0.39648386770502525,5.0,,2.0,16.0,11.0,0.07917025772263517,1
624,4.0,,3.0,0.0,4.0,18.0,15.0,0.6911883910351837,0
625,3.0,0.7961101999956026,4.0,0.0,4.0,39.0,18.0,0.7431310750166054,0
626,1.0,0.8208395400847439,3.0,0.0,4.0,38.0,14.0,0.905577840067241,0
627,5.0,0.825215826343859,2.0,0.0,2.0,,9.0,0.8277491421878107,0
628,17.0,0.1729211690717624,3.0,4.0,0.0,26.0,6.0,0.17497478467597105,1
629,14.0,0.3121157095314847,8.0,5.0,1.0,6.0,3.0,0.5698830934460797,1
630,2.0,1.0,0.0,0.0,3.0,56.0,17.0,,0
631,23.0,0.0,10.0,1.0,2.0,,,,1
632,3.0,0.7712138009950826,4.0,0.0,2.0,35.0,13.0,0.8432090456431116,0
633,6.0,0.9475184315382833,5.0,0.0,2.0,14.0,13.0,0.8737146578506345,0
634,7.0,0.8667788581732899,3.0,0.0,3.0,51.0,19.0,,0
635,22.0,0.09802661588396898,,1.0,2.0,22.0,10.0,0.45806176813255534,1
636,,0.7073241156452944,2.0,0.0,5.0,49.0,17.0,0.7522015326353185,0
637,,1.0,2.0,0.0,5.0,55.0,10.0,0.8100174660340124,0
638,22.0,0.4288210003742847,6.0,2.0,0.0,21.0,,0.18419089556788568,1
639,7.0,0.8342108120850419,5.0,0.0,3.0,29.0,12.0,0.6190770188434367,0
640,26.0,0.0,6.0,3.0,2.0,8.0,11.0,0.5072623948611008,1
641,6.0,0.863987942694879,2.0,0.0,5.0,57.0,9.0,,0
642,4.0,0.8263177382863417,,0.0,5.0,22.0,8.0,0.9298995211621794,0
643,0.0,0.944036281002218,4.0,0.0,4.0,38.0,8.0,0.8446097526397881,0
644,28.0,0.10037281225654826,8.0,2.0,0.0,22.0,5.0,0.33165430999000656,1
645,0.0,0.8171336382519521,4.0,0.0,4.0,22.0,11.0,0.8449391925611074,0
646,3.0,0.6413982526926965,1.0,0.0,3.0,32.0,20.0,0.9152129042750268,0
647,13.0,0.4454012010297308,,3.0,0.0,12.0,10.0,0.3489151347534103,1
648,24.0,0.36383773425775473,8.0,4.0,1.0,16.0,10.0,,1
649,4.0,0.929386352969254,5.0,0.0,2.0,50.0,12.0,,0
650,12.0,0.11624035690512766,2.0,5.0,2.0,18.0,3.0,0.5846679873251422,1
651,6.0,0.8060162937947796,5.0,0.0,3.0,43.0,9.0,0.9012926557209283,0
652,23.0,0.10983768241876718,4.0,1.0,1.0,6.0,2.0,0.0,1
653,27.0,0.16718855574216696,5.0,2.0,2.0,21.0,4.0,0.24555167479048065,1
654,7.0,,0.0,0.0,,44.0,16.0,0.889366970372917,0
655,25.0,0.23949428933672157,,2.0,1.0,14.0,10.0,0.28471163479992356,1
656,21.0,0.46969557304250087,9.0,5.0,0.0,,7.0,0.28229881198010454,1
657,1.0,0.6962494209608326,3.0,0.0,2.0,36.0,15.0,,0
658,12.0,0.345939546501185,3.0,2.0,0.0,,4.0,0.7413195595060547,1
659,,0.9210546577114993,,0.0,5.0,59.0,19.0,0.8514136729281531,0
660,19.0,0.21183618745637542,,4.0,1.0,20.0,0.0,0.5232967962904759,1
661,0.0,0.7682770658836141,5.0,0.0,2.0,35.0,14.0,0.78390099965774,0
662,25.0,0.20895803151001235,7.0,2.0,0.0,9.0,10.0,0.1408737350905942,1
663,11.0,0.3637235560430967,10.0,5.0,0.0,25.0,9.0,0.5066459332215129,1
664,22.0,0.17428557281324525,8.0,2.0,0.0,22.0,2.0,0.612661149784152,1
665,6.0,0.6157086808020007,,0.0,3.0,60.0,15.0,0.6705860606948841,0
666,4.0,0.7824591901617994,0.0,0.0,5.0,17.0,14.0,0.7628923854730028,0
667,6.0,0.7312613461531486,3.0,,3.0,45.0,8.0,0.8337536926097329,0
668,3.0,,2.0,0.0,3.0,,20.0,0.8966204377574519,0
669,,1.0,0.0,0.0,3.0,56.0,16.0,0.7386682566636995,0
670,5.0,0.7199354723935014,3.0,0.0,4.0,33.0,19.0,0.8477290635372842,0
671,17.0,0.23811507975914775,9.0,2.0,2.0,3.0,0.0,0.05472287405933712,1
672,5.0,0.9103623866400767,5.0,0.0,4.0,29.0,20.0,0.7200436576822353,0
673,26.0,0.6223099472064006,3.0,1.0,2.0,27.0,8.0,0.32865930346190775,1
674,5.0,0.6360913058863333,2.0,0.0,4.0,20.0,,,0
675,4.0,0.705998911607855,2.0,0.0,4.0,33.0,9.0,0.9228827572162797,0
676,3.0,0.7639822892645705,,0.0,3.0,25.0,10.0,0.8810764423812675,0
677,2.0,0.7517273624360126,3.0,,3.0,19.0,,0.8544052493296022,0
678,0.0,0.8993341978763737,5.0,0.0,2.0,26.0,19.0,0.9231058565009256,0
679,29.0,0.3545449622593818,9.0,1.0,0.0,28.0,11.0,0.18766807851373843,1
680,3.0,0.9320343019213748,2.0,0.0,2.0,39.0,10.0,0.8115302405035945,0
681,3.0,0.6630825730818325,,0.0,5.0,53.0,11.0,0.9876085161470111,0
682,29.0,,4.0,1.0,0.0,19.0,10.0,0.21772353787547677,1
683,20.0,0.4926637002653528,5.0,3.0,0.0,6.0,3.0,0.7290318137435188,1
684,6.0,1.0,,,5.0,35.0,17.0,0.7790327073666594,0
685,24.0,0.6302390706607868,6.0,4.0,2.0,18.0,7.0,0.0859997491365925,1
686,3.0,1.0,0.0,0.0,2.0,44.0,,0.9612636538205064,0
687,5.0,0.6759063985337275,0.0,0.0,2.0,25.0,16.0,0.895090731875993,0
688,7.0,0.9212987476762943,3.0,0.0,,56.0,12.0,,0
689,4.0,,1.0,0.0,4.0,58.0,10.0,1.0,0
690,5.0,1.0,4.0,0.0,2.0,17.0,,1.0,0
691,2.0,1.0,5.0,0.0,3.0,57.0,14.0,0.8408323365520571,0
692,2.0,0.6827655041840426,1.0,0.0,3.0,,10.0,0.8336571703856315,0
693,1.0,0.9188775652699032,4.0,0.0,4.0,21.0,12.0,0.7474204953203554,0
694,0.0,,1.0,0.0,,38.0,10.0,0.8318079655886732,0
695,21.0,0.13843904397574458,7.0,2.0,2.0,18.0,,0.48793546361543716,1
696,4.0,0.6429246977371452,4.0,0.0,3.0,22.0,16.0,0.6104062142020403,0
697,4.0,0.9353248613803209,4.0,,3.0,50.0,9.0,,0
698,6.0,0.8705405720726173,4.0,,5.0,,10.0,0.948859977721459,0
699,2.0,,2.0,0.0,2.0,15.0,12.0,1.0,0
700,2.0,0.9315313421567881,2.0,0.0,2.0,21.0,8.0,0.6299098709195222,0
701,23.0,0.13893317085831067,8.0,2.0,,23.0,3.0,0.17430033688485275,1
702,5.0,0.8594522504638615,5.0,0.0,5.0,49.0,19.0,0.8280811696441259,0
703,20.0,0.222327991686823,7.0,5.0,0.0,23.0,7.0,0.22000596916628948,1
704,0.0,0.6484210767076631,,0.0,3.0,29.0,17.0,0.7419240995396654,0
705,10.0,0.1467068743085414,4.0,5.0,1.0,23.0,5.0,0.6352727289580185,1
706,0.0,0.7314503968896999,1.0,0.0,5.0,30.0,8.0,0.857623517774607,0
707,,1.0,4.0,0.0,,16.0,16.0,0.8243852086789563,0
708,2.0,0.8794530339408666,3.0,0.0,2.0,30.0,10.0,0.750092145311763,0
709,1.0,0.7055093651268152,0.0,0.0,3.0,35.0,13.0,0.748129134383,0
710,23.0,0.38533565711096684,8.0,2.0,2.0,11.0,7.0,0.17164736993449534,1
711,3.0,1.0,1.0,,4.0,22.0,13.0,0.8355146957502539,0
712,1.0,0.7266001829508499,1.0,0.0,2.0,17.0,20.0,0.9642555542357134,0
713,7.0,1.0,1.0,0.0,,20.0,,0.7918505688937078,0
714,0.0,0.8834144200226199,1.0,0.0,2.0,19.0,13.0,0.9530652168661329,0
715,5.0,0.8759981214900981,3.0,0.0,3.0,34.0,13.0,0.7726856494278933,0
716,1.0,0.6674395664537129,1.0,0.0,,59.0,20.0,1.0,0
717,6.0,0.9499641089607719,1.0,0.0,4.0,,15.0,1.0,0
718,24.0,0.0,7.0,3.0,1.0,14.0,6.0,0.15651074187490396,1
719,3.0,,4.0,,2.0,44.0,,0.6334928644879665,0
720,7.0,1.0,0.0,0.0,5.0,34.0,12.0,0.8217022795614453,0
721,28.0,0.1765328492583329,7.0,4.0,1.0,5.0,10.0,0.19131738620951508,1
722,,0.7766970318346688,3.0,,3.0,22.0,13.0,,0
723,7.0,,3.0,0.0,3.0,35.0,8.0,1.0,0
724,1.0,,3.0,0.0,5.0,31.0,13.0,0.9957220363023165,0
725,1.0,0.869276451376109,3.0,0.0,3.0,47.0,15.0,0.9577974087805928,0
726,7.0,0.759397403891899,2.0,,5.0,23.0,20.0,,0
727,1.0,0.6053189030800668,1.0,0.0,3.0,32.0,20.0,0.6589407722368725,0
728,2.0,1.0,3.0,0.0,3.0,19.0,16.0,0.9747550330886445,0
729,6.0,,5.0,0.0,2.0,32.0,19.0,0.9715336646341447,0
730,6.0,1.0,1.0,0.0,4.0,,15.0,,0
731,0.0,0.8519338181798958,0.0,0.0,,39.0,8.0,0.7651245602780719,0
732,0.0,0.8680837126717172,3.0,0.0,,18.0,15.0,0.9646136977053358,0
733,24.0,0.0,8.0,,0.0,14.0,1.0,0.555320762436605,1
734,28.0,0.5106049558627515,2.0,4.0,0.0,0.0,9.0,0.13052962826373238,1
735,10.0,0.456565637218371,2.0,5.0,1.0,0.0,9.0,0.5336942777497844,1
736,21.0,0.4018968026811848,7.0,1.0,2.0,26.0,3.0,0.6527244757052562,1
737,17.0,0.23423632932452168,7.0,1.0,2.0,21.0,6.0,0.6930677113892499,1
738,3.0,0.7716951101742792,2.0,0.0,3.0,51.0,14.0,0.8734322659902288,0
739,6.0,0.9500776915363576,3.0,0.0,4.0,45.0,10.0,0.862542512549514,0
740,2.0,0.9615154721708813,2.0,0.0,,58.0,9.0,0.7531949454093311,0
741,29.0,0.0970478211422935,8.0,,2.0,1.0,10.0,0.0,1
742,,0.14372683379096726,7.0,5.0,2.0,17.0,4.0,0.09139016788567403,1
743,2.0,0.8263958004160928,3.0,0.0,3.0,56.0,13.0,0.6748649902004362,0
744,15.0,0.15970838289483255,5.0,4.0,2.0,28.0,3.0,0.029038388228734086,1
745,6.0,0.8337737863460649,0.0,0.0,5.0,37.0,,0.7554972944330131,0
746,5.0,0.6083949947584799,0.0,0.0,4.0,12.0,17.0,0.8110561476646792,0
747,,0.54435365795546,8.0,2.0,2.0,7.0,9.0,0.42442458875496675,1
748,27.0,0.5026067126604492,8.0,3.0,1.0,21.0,8.0,0.3319326365626881,1
749,18.0,0.20230781325683184,4.0,3.0,1.0,21.0,7.0,0.3822708178770514,1
750,26.0,0.4306195641309301,9.0,1.0,1.0,0.0,0.0,0.679709641586226,1
751,4.0,1.0,3.0,0.0,5.0,,17.0,,0
752,17.0,0.30581005741566825,10.0,2.0,0.0,29.0,0.0,0.1264295976516298,1
753,12.0,0.32854909622604794,3.0,5.0,1.0,,8.0,0.5692504079433521,1
754,2.0,,5.0,0.0,,20.0,15.0,0.9698438276582686,0
755,26.0,0.4487697537687681,7.0,2.0,,25.0,10.0,0.3710568435531678,1
756,1.0,0.9172027253041481,1.0,0.0,4.0,,10.0,1.0,0
757,7.0,0.6850894280089239,5.0,0.0,2.0,44.0,16.0,0.8054711611315095,0
758,28.0,0.7777234977509878,,3.0,2.0,7.0,0.0,0.44325192229437904,1
759,7.0,0.9346617669444413,3.0,0.0,2.0,37.0,19.0,0.905826218311462,0
760,2.0,0.8334572649902846,0.0,0.0,3.0,30.0,16.0,0.8970878794362015,0
761,7.0,0.6871155948004969,3.0,0.0,3.0,43.0,8.0,1.0,0
762,5.0,0.6446122193917959,0.0,0.0,5.0,34.0,,0.7330774072605,0
763,3.0,0.8035258112906066,,0.0,4.0,55.0,16.0,0.578622798072151,0
764,17.0,0.39874515582205255,7.0,3.0,2.0,18.0,2.0,0.5882778417727168,1
765,7.0,0.7932435701989022,5.0,0.0,4.0,47.0,9.0,0.9899749169344962,0
766,5.0,0.8378139305149616,1.0,0.0,5.0,29.0,12.0,0.9762244546318506,0
767,7.0,0.9784919601012984,4.0,,5.0,46.0,14.0,0.8719240675320383,0
768,23.0,0.44331852075372696,,2.0,2.0,28.0,,0.18567473081755875,1
769,30.0,0.5618764146551383,2.0,4.0,1.0,5.0,1.0,0.10854384249501513,1
770,3.0,0.7638562196995762,3.0,0.0,,,15.0,0.9262837956082313,0
771,26.0,0.3828284225801535,2.0,3.0,0.0,22.0,1.0,0.22461053415649307,1
772,3.0,0.8722544444668737,1.0,0.0,,58.0,15.0,0.9917609970677432,0
773,0.0,0.9451756196695211,3.0,0.0,2.0,31.0,13.0,0.9094315240439919,0
774,7.0,1.0,5.0,,2.0,35.0,14.0,0.8325477245288908,0
775,2.0,0.9153901079346634,0.0,0.0,3.0,32.0,17.0,0.9560738111482414,0
776,24.0,0.25900349578382487,2.0,3.0,0.0,0.0,6.0,0.10431834676111873,1
777,7.0,1.0,3.0,0.0,3.0,46.0,14.0,1.0,0
778,0.0,1.0,3.0,0.0,4.0,15.0,18.0,0.8217317309530767,0
779,,0.8683617924748163,1.0,0.0,3.0,33.0,12.0,0.8100169174763485,0
780,2.0,0.6351216050078693,1.0,0.0,2.0,31.0,8.0,0.5693499455362837,0
781,5.0,1.0,5.0,0.0,3.0,54.0,13.0,0.7931573448270581,0
782,4.0,0.8970796991232706,0.0,0.0,3.0,60.0,20.0,1.0,0
783,5.0,0.8384671016196666,1.0,0.0,4.0,34.0,,1.0,0
784,3.0,,4.0,0.0,4.0,,19.0,0.882624973722735,0
785,4.0,0.9411420963661457,3.0,0.0,,44.0,,0.6520269028947779,0
786,1.0,0.6952785876622237,5.0,0.0,4.0,20.0,,1.0,0
787,23.0,0.0,2.0,1.0,0.0,,3.0,0.3474749399650605,1
788,19.0,0.2612592727169096,7.0,,2.0,6.0,8.0,0.25454199318642046,1
789,2.0,1.0,3.0,0.0,2.0,54.0,12.0,,0
790,3.0,0.7628289519874593,3.0,0.0,2.0,41.0,17.0,0.7081819590679453,0
791,0.0,0.9602521440390677,5.0,0.0,5.0,37.0,18.0,0.9920240026562699,0
792,,0.807902069551259,5.0,0.0,5.0,23.0,10.0,1.0,0
793,,0.1729464423293621,6.0,5.0,0.0,22.0,7.0,0.08146141695167046,1
794,15.0,0.2425104856676139,5.0,3.0,2.0,11.0,4.0,0.0,1
795,24.0,0.3390714262138307,2.0,5.0,2.0,18.0,9.0,0.43123056635166274,1
796,2.0,0.7597554646709159,5.0,0.0,4.0,58.0,18.0,0.7377697157033118,0
797,30.0,0.17313858091466366,6.0,3.0,2.0,,9.0,0.386886675415452,1
798,13.0,0.2057812716390908,4.0,3.0,1.0,14.0,5.0,0.1880622845050196,1
799,4.0,0.9624058200221142,2.0,0.0,,56.0,19.0,0.9379623850348816,0
800,30.0,0.07765172578974566,5.0,3.0,2.0,5.0,7.0,0.25814081107358366,1
801,7.0,1.0,0.0,0.0,5.0,17.0,18.0,0.6846800923458137,0
802,24.0,0.34452442276944334,10.0,2.0,2.0,25.0,3.0,0.0,1
803,5.0,0.5408942147875232,1.0,,2.0,60.0,16.0,0.7742827422355562,0
804,27.0,0.4118033944627549,2.0,4.0,2.0,12.0,9.0,,1
805,2.0,,4.0,0.0,3.0,45.0,19.0,0.8142140703229336,0
806,3.0,0.7652653195608998,0.0,0.0,4.0,41.0,8.0,0.9971631138434054,0
807,1.0,0.7366198379535805,,0.0,2.0,32.0,16.0,0.5906814122193831,0
808,3.0,,1.0,0.0,5.0,20.0,11.0,0.8543878862897636,0
809,1.0,,2.0,0.0,4.0,15.0,8.0,0.6309085055725803,0
810,4.0,0.7267800075222349,2.0,0.0,,15.0,8.0,0.8382302376356258,0
811,,,2.0,0.0,2.0,50.0,18.0,0.9075381714559754,0
812,7.0,0.8783424605167238,2.0,0.0,2.0,13.0,14.0,0.716895206931475,0
813,5.0,0.6845960786876628,0.0,0.0,4.0,38.0,14.0,0.9230096824334699,0
814,,0.412319370475384,5.0,4.0,2.0,22.0,5.0,0.3680324138285973,1
815,15.0,0.0,6.0,3.0,1.0,24.0,9.0,0.46340646791912954,1
816,10.0,0.5442074096523893,7.0,3.0,0.0,7.0,10.0,0.2733719885704358,1
817,14.0,0.19933620822152695,7.0,2.0,0.0,17.0,,,1
818,7.0,0.9445989554146259,3.0,0.0,5.0,45.0,16.0,1.0,0
819,5.0,0.6730871156555033,3.0,,5.0,33.0,,0.7181626588219615,0
820,6.0,0.7148496689590268,5.0,0.0,5.0,,14.0,0.8240220901002216,0
821,1.0,0.9734036449984367,1.0,0.0,2.0,23.0,20.0,1.0,0
822,1.0,0.9231269316628212,,0.0,2.0,,12.0,0.9311159059887693,0
823,6.0,0.9569421578615748,3.0,0.0,2.0,37.0,20.0,0.7402300832482505,0
824,1.0,0.8143083278754207,1.0,0.0,,33.0,,1.0,0
825,1.0,0.747496248515482,2.0,0.0,5.0,60.0,16.0,,0
826,3.0,0.9021753891735,0.0,0.0,2.0,39.0,19.0,,0
827,28.0,0.10752602929359334,6.0,3.0,2.0,2.0,3.0,0.2941633178099092,1
828,7.0,0.8831316146445921,1.0,0.0,4.0,15.0,18.0,0.7822162575667336,0
829,7.0,,1.0,0.0,3.0,43.0,20.0,0.9702136332791372,0
830,19.0,0.33847485173136604,4.0,1.0,1.0,21.0,,0.11520963762944032,1
831,5.0,0.6537745016228038,3.0,0.0,2.0,,10.0,0.8555731158735406,0
832,,,6.0,4.0,2.0,23.0,,0.4589027413706888,1
833,29.0,0.3940643334661653,9.0,2.0,1.0,0.0,,0.0,1
834,4.0,0.7511458924366945,4.0,0.0,2.0,31.0,10.0,0.9113778346582051,0
835,2.0,0.748586548834687,3.0,0.0,3.0,36.0,19.0,0.9398637802921608,0
836,28.0,0.17616628085514496,2.0,5.0,1.0,,1.0,0.27619229533163714,1
837,7.0,0.8197502129126663,3.0,0.0,2.0,42.0,10.0,0.7415850166263764,0
838,12.0,0.5587795347173488,6.0,1.0,2.0,20.0,11.0,0.04678286761097364,1
839,3.0,0.8673699427088917,5.0,0.0,5.0,39.0,17.0,0.9345521967289714,0
840,4.0,0.6901726742496888,,0.0,4.0,32.0,15.0,1.0,0
841,4.0,0.934527980021033,0.0,0.0,5.0,22.0,13.0,0.9022477520946666,0
842,4.0,0.7690085074490023,,,5.0,19.0,20.0,0.7875735721448862,0
843,3.0,0.8897141762756763,4.0,0.0,5.0,16.0,17.0,0.742344073369309,0
844,5.0,1.0,1.0,,3.0,21.0,10.0,1.0,0
845,15.0,0.09763836427698346,2.0,,2.0,17.0,8.0,0.4570138274014067,1
846,2.0,1.0,0.0,0.0,5.0,16.0,17.0,0.8622272026844197,0
847,1.0,0.91571982928312,5.0,0.0,5.0,,20.0,1.0,0
848,5.0,0.9475753648251966,4.0,0.0,3.0,37.0,14.0,0.9568981402799364,0
849,4.0,0.9194885380771011,0.0,0.0,2.0,59.0,17.0,,0
850,6.0,0.5896656654710177,4.0,0.0,2.0,59.0,14.0,,0
851,3.0,0.8068897922371439,,0.0,,29.0,,0.8601085431442851,0
852,13.0,0.0,7.0,1.0,2.0,3.0,7.0,0.14921918970649772,1
853,10.0,0.1383312377204202,5.0,,1.0,18.0,8.0,0.5381297333792439,1
854,,0.9405894410329689,0.0,0.0,5.0,12.0,16.0,0.8415257551702889,0
855,6.0,0.8807794906236837,2.0,0.0,2.0,36.0,20.0,,0
856,1.0,0.8745392432417396,4.0,0.0,5.0,20.0,11.0,0.8289172234811106,0
857,22.0,0.01730320625735933,4.0,3.0,1.0,,9.0,0.11335937586410613,1
858,,0.6813723629615729,,,5.0,13.0,19.0,0.6403193889093135,0
859,4.0,0.7137823643526356,2.0,0.0,,22.0,18.0,0.8089721741526985,0
860,28.0,,9.0,3.0,0.0,10.0,0.0,0.259783799326603,1
861,1.0,0.7842778697407996,5.0,0.0,4.0,16.0,12.0,0.784267690302421,0
862,0.0,0.8824873499784961,1.0,0.0,5.0,26.0,20.0,0.8145117550738432,0
863,,0.8769449973558923,5.0,0.0,,,18.0,0.9824653523645932,0
864,3.0,0.7906321340787357,1.0,0.0,4.0,40.0,15.0,0.7929861474645911,0
865,2.0,,3.0,0.0,3.0,35.0,15.0,1.0,0
866,4.0,0.7456222937467305,4.0,0.0,5.0,41.0,12.0,0.6272881972356907,0
867,,0.8235726671227898,2.0,0.0,2.0,19.0,10.0,0.9643495048590296,0
868,,0.9451214686454087,3.0,0.0,5.0,44.0,8.0,0.939184442820068,0
869,4.0,0.9225215146238364,4.0,0.0,3.0,35.0,10.0,0.8697731009615707,0
870,7.0,,5.0,0.0,4.0,53.0,12.0,0.7210621115070607,0
871,0.0,0.8187626540263642,,0.0,5.0,41.0,14.0,0.6383062784198366,0
872,3.0,1.0,0.0,0.0,5.0,52.0,15.0,0.676450403557368,0
873,10.0,,3.0,1.0,0.0,,9.0,0.4895923780398497,1
874,7.0,0.7001083663173745,0.0,0.0,5.0,31.0,20.0,0.9643412839632317,0
875,25.0,,7.0,3.0,0.0,9.0,,0.24107469962267397,1
876,12.0,0.2625575594166979,6.0,5.0,1.0,12.0,7.0,0.0,1
877,6.0,0.8350218093718029,3.0,0.0,3.0,30.0,,0.8732759453828507,0
878,11.0,0.0,5.0,,,3.0,8.0,0.4384950080709924,1
879,7.0,0.9293777876239038,3.0,,2.0,18.0,14.0,0.8757272900363968,0
880,,0.9792606285409446,,0.0,5.0,48.0,15.0,0.819704647726396,0
881,2.0,0.8506452524791136,0.0,,5.0,26.0,10.0,0.9517068943219844,0
882,0.0,0.9082922202367613,1.0,0.0,3.0,,18.0,0.7631455869233295,0
883,0.0,0.7294099047851675,,0.0,4.0,59.0,11.0,0.9826644709122353,0
884,6.0,0.8152246606618511,2.0,0.0,4.0,54.0,17.0,0.6534368346415933,0
885,26.0,0.07308012745411259,,3.0,0.0,0.0,5.0,0.24733483268430015,1
886,3.0,0.9993537177784231,2.0,0.0,5.0,36.0,20.0,0.8178588068676661,0
887,23.0,,7.0,1.0,2.0,12.0,8.0,,1
888,2.0,0.9329797553766895,2.0,0.0,3.0,55.0,18.0,0.6356830146993548,0
889,30.0,0.1946162316860111,2.0,1.0,2.0,25.0,0.0,0.48153238505426343,1
890,2.0,0.8901689205080154,,,3.0,,19.0,0.8097267010830099,0
891,,0.8773142184570026,1.0,0.0,3.0,17.0,17.0,0.7809543146688475,0
892,3.0,0.7882642030784486,4.0,0.0,4.0,33.0,19.0,1.0,0
893,0.0,0.7694579199570312,0.0,0.0,2.0,32.0,12.0,0.8442284637622103,0
894,3.0,0.7888223434041077,4.0,0.0,,28.0,11.0,0.6731877612884779,0
895,7.0,,1.0,0.0,3.0,32.0,19.0,1.0,0
896,0.0,0.7695022971008977,1.0,0.0,,45.0,11.0,0.7757974194514974,0
897,2.0,1.0,,0.0,2.0,39.0,14.0,,0
898,4.0,0.9984093940447681,2.0,0.0,4.0,57.0,18.0,0.8390300465389064,0
899,2.0,0.7620229093501085,3.0,0.0,5.0,56.0,8.0,0.8948683530544268,0
900,24.0,0.042666131039792915,8.0,5.0,0.0,2.0,6.0,0.3387419004129343,1
901,18.0,0.0,4.0,1.0,1.0,23.0,11.0,0.36051582994841325,1
902,24.0,0.47428270328443806,7.0,2.0,0.0,29.0,0.0,0.49913977385503394,1
903,2.0,,0.0,0.0,2.0,27.0,14.0,0.8309628911244393,0
904,,0.5478047532905788,,0.0,4.0,56.0,20.0,0.7586850078827219,0
905,0.0,1.0,5.0,0.0,4.0,26.0,9.0,0.8996527517125573,0
906,7.0,0.6666679719535598,0.0,0.0,2.0,31.0,17.0,1.0,0
907,3.0,,4.0,0.0,2.0,48.0,12.0,0.9499168875599441,0
908,3.0,,1.0,0.0,,57.0,9.0,0.769626283871383,0
909,0.0,0.7468527023240223,2.0,,3.0,55.0,13.0,1.0,0
910,0.0,,1.0,0.0,3.0,,9.0,0.9830656507602917,0
911,14.0,0.15765607307197135,,5.0,2.0,21.0,4.0,0.8437593854833215,1
912,15.0,0.6217045421103732,8.0,5.0,2.0,26.0,11.0,0.24114176784560276,1
913,1.0,0.9410359784794204,1.0,0.0,2.0,35.0,20.0,0.8137867167044244,0
914,,0.6582754015006527,1.0,0.0,2.0,13.0,18.0,0.7786185942324807,0
915,0.0,0.8102866576825851,0.0,,5.0,28.0,16.0,1.0,0
916,3.0,0.9120561500108041,2.0,0.0,3.0,42.0,10.0,0.7896329983644504,0
917,30.0,0.3666241572964043,,1.0,0.0,13.0,0.0,0.4565377222802595,1
918,14.0,0.16909715412629925,3.0,4.0,1.0,1.0,2.0,0.012535225334783559,1
919,2.0,0.6843880671849144,2.0,0.0,3.0,14.0,15.0,0.8904309614336378,0
920,6.0,0.7655954980298825,0.0,,4.0,,12.0,0.708945226134723,0
921,4.0,,4.0,0.0,2.0,45.0,8.0,0.8385728609769363,0
922,5.0,0.6510919347026285,2.0,0.0,5.0,32.0,20.0,0.5966055267538657,0
923,,0.4614702029080366,6.0,,1.0,27.0,2.0,0.4853283517261431,1
924,7.0,0.5980817446399269,0.0,0.0,4.0,16.0,,0.93869467342935,0
925,3.0,0.9533444716238082,0.0,0.0,3.0,45.0,17.0,0.9231696435579491,0
926,4.0,0.9185313944187152,5.0,0.0,3.0,,17.0,0.9783752554707807,0
927,5.0,0.9281681145439001,3.0,0.0,2.0,52.0,,0.8932253276839157,0
928,3.0,0.7900897787285517,1.0,0.0,3.0,21.0,,0.8360053418728975,0
929,3.0,0.7019911041554703,1.0,0.0,2.0,20.0,11.0,0.9436959863923529,0
930,30.0,0.3855866904014833,3.0,3.0,0.0,28.0,7.0,,1
931,3.0,0.9324247956523573,5.0,0.0,2.0,51.0,15.0,0.931714185526672,0
932,,0.989975130896325,4.0,0.0,2.0,51.0,,0.8334090817505655,0
933,14.0,0.2317994929843081,10.0,5.0,1.0,9.0,9.0,0.6364426556056769,1
934,6.0,0.8548520015455958,0.0,0.0,4.0,39.0,12.0,1.0,0
935,2.0,0.9833847609351191,4.0,0.0,2.0,39.0,15.0,1.0,0
936,7.0,0.8169479237743585,2.0,0.0,,41.0,8.0,,0
937,4.0,0.5942430470678788,2.0,0.0,4.0,26.0,9.0,0.9171316065218427,0
938,,0.696161683478868,0.0,0.0,3.0,15.0,8.0,0.6931469414359751,0
939,7.0,0.8962838597627826,3.0,0.0,2.0,51.0,12.0,0.7978181958091916,0
940,7.0,0.6841410723898185,0.0,0.0,5.0,53.0,13.0,0.7256887425458134,0
941,11.0,0.3147364601336681,7.0,2.0,1.0,23.0,0.0,0.654342235949499,1
942,22.0,0.378971384603958,2.0,5.0,0.0,,7.0,0.31251268707094937,1
943,4.0,0.7786328997416555,4.0,0.0,3.0,16.0,14.0,0.7934876148316591,0
944,19.0,,7.0,2.0,1.0,6.0,3.0,0.18119012991893238,1
945,4.0,0.6991833324233664,4.0,0.0,5.0,50.0,20.0,0.5518436678487864,0
946,15.0,0.07873017533127688,9.0,1.0,0.0,4.0,4.0,0.5714030195266192,1
947,6.0,0.7248127036719783,2.0,0.0,4.0,56.0,19.0,0.6640164775469771,0
948,24.0,0.010982844908760978,4.0,2.0,2.0,20.0,9.0,0.5157952951401444,1
949,0.0,0.9869576650130891,0.0,,4.0,37.0,15.0,0.8387186106556105,0
950,1.0,,1.0,0.0,5.0,28.0,13.0,0.7769754783578713,0
951,20.0,0.3563540492898859,10.0,5.0,2.0,15.0,7.0,0.2568367502598308,1
952,6.0,0.9887078411190426,2.0,0.0,2.0,27.0,9.0,0.9443365539080711,0
953,5.0,1.0,4.0,,4.0,60.0,9.0,0.893293345411544,0
954,5.0,0.6612169068589573,5.0,0.0,2.0,15.0,13.0,0.7567695252771542,0
955,13.0,0.4368757909860961,10.0,4.0,2.0,,11.0,0.4468861175533942,1
956,2.0,1.0,2.0,0.0,5.0,57.0,20.0,,0
957,,0.5489740946800342,3.0,0.0,4.0,35.0,,0.8859959244014213,0
958,4.0,0.967294670839682,1.0,0.0,3.0,33.0,15.0,0.9340711102699548,0
959,0.0,0.6971180552298885,5.0,0.0,4.0,,14.0,0.9666010352502267,0
960,2.0,,1.0,0.0,2.0,14.0,19.0,0.7969835667890189,0
961,2.0,0.9136656548782236,4.0,0.0,2.0,20.0,13.0,0.7709989536989781,0
962,3.0,0.8867321515432546,1.0,0.0,4.0,49.0,19.0,0.8632951641257667,0
963,14.0,0.4758257790571351,6.0,4.0,2.0,21.0,3.0,0.12159492526982614,1
964,,0.9133934646012745,5.0,0.0,2.0,,17.0,0.690580813409852,0
965,,0.9614579576767378,5.0,0.0,3.0,52.0,10.0,0.5595791567588712,0
966,4.0,1.0,4.0,0.0,3.0,42.0,10.0,0.7475772076392897,0
967,6.0,,4.0,0.0,5.0,46.0,20.0,0.9614126980792159,0
968,2.0,1.0,1.0,0.0,5.0,49.0,11.0,0.6726334633471326,0
969,6.0,0.9190982862487462,,0.0,2.0,58.0,9.0,0.8109347585875486,0
970,0.0,0.9575993865142064,5.0,0.0,3.0,50.0,9.0,0.7078924931593185,0
971,,0.554838308724509,7.0,3.0,1.0,14.0,1.0,0.12343674813792106,1
972,2.0,0.8783056057307483,5.0,0.0,3.0,17.0,8.0,0.8066210883527607,0
973,7.0,0.6831073222956985,1.0,0.0,2.0,,18.0,,0
974,21.0,,4.0,,2.0,22.0,,0.41924099110528207,1
975,0.0,0.83646159130232,3.0,0.0,2.0,40.0,14.0,0.6939185866953415,0
976,4.0,0.7448440601730841,5.0,0.0,5.0,57.0,9.0,0.9789522159393875,0
977,,0.6414869762771346,3.0,0.0,4.0,49.0,16.0,0.6646264549508595,0
978,16.0,0.6408307586665446,4.0,3.0,2.0,,3.0,0.4838718262928089,1
979,7.0,0.8954400221586852,1.0,0.0,2.0,57.0,11.0,0.6513056478658686,0
980,2.0,0.7210552229361745,1.0,0.0,3.0,41.0,,,0
981,3.0,0.8072922162418755,4.0,0.0,5.0,39.0,15.0,1.0,0
982,5.0,,4.0,0.0,2.0,48.0,10.0,0.7900341294464743,0
983,19.0,0.017914887931294296,8.0,5.0,0.0,9.0,11.0,0.36517576274145525,1
984,4.0,0.9816495259668281,5.0,0.0,5.0,45.0,15.0,0.8108620400440903,0
985,1.0,1.0,1.0,0.0,3.0,23.0,17.0,0.8313132338400271,0
986,0.0,0.8148104142322623,5.0,0.0,3.0,,8.0,0.8955140062178716,0
987,2.0,0.7345466993142077,4.0,0.0,2.0,,11.0,0.9770131108445602,0
988,0.0,1.0,4.0,0.0,2.0,14.0,11.0,0.8552598619745704,0
989,2.0,0.973596831083581,5.0,0.0,5.0,,9.0,0.8998348013627817,0
990,7.0,0.8256834833242753,4.0,0.0,4.0,44.0,13.0,0.9872687112763912,0
991,4.0,0.7811383846957867,1.0,0.0,4.0,51.0,17.0,0.8203178782622379,0
992,5.0,0.8510887805737848,4.0,0.0,2.0,18.0,20.0,0.9979110784756252,0
993,,,5.0,0.0,5.0,27.0,8.0,0.6634438657742118,0
994,1.0,0.7575488122973653,4.0,0.0,2.0,55.0,16.0,0.8567147430957234,0
995,1.0,0.9107868988750994,0.0,0.0,2.0,53.0,15.0,0.8160964449526226,0
996,5.0,0.9318213395649005,5.0,0.0,4.0,58.0,20.0,0.8327280724308221,0
997,5.0,0.9979803153803666,1.0,0.0,2.0,45.0,16.0,0.7871699970440796,0
998,,0.13787835660001294,10.0,1.0,2.0,2.0,9.0,0.40683723526961213,1
999,7.0,1.0,3.0,0.0,5.0,33.0,18.0,0.655067905578542,0
1000,1.0,,1.0,0.0,3.0,50.0,20.0,0.7492457530737988,0
